{"ground_motion": 6409.5029296875, "grid_num": 8.0, "coord": 7.0, "period": 1.0658999681472778, "mass": 0.01545410044491291, "node_inertia": 82864.0, "modal_shape": 1.4839999675750732, "elem_length": 6.0, "acc": 21610.0, "vel": 2073.0, "disp": 351.79998779296875, "momentZ": 1290481.5, "shearY": 653.5999755859375}