{"ground_motion": 6409.5029296875, "grid_num": 8.0, "coord": 7.0, "period": 1.4479000568389893, "mass": 0.025619300082325935, "node_inertia": 255288.0, "modal_shape": 2.7330000400543213, "elem_length": 8.0, "acc": 23650.0, "vel": 1919.0, "disp": 388.20001220703125, "momentZ": 1290481.5, "shearY": 704.7999877929688}